{"Compiler":"2","OpenedDocuments":"[{\"DocumentPath\":\"Main.xaml\",\"FactoryId\":\"{ACB8E7BA-F093-44C1-9B50-33ECA51AAE16}\"}]","ProjectActivitiesViewState":"{\"Main.xaml\":[{\"ActivityIdRef\":\"ExtractDateTime_1\",\"IsAdvancedOptionsExpanded\":false,\"Categories\":{\"Saída\":true,\"Opções\":true},\"Widgets\":{}},{\"ActivityIdRef\":\"IfElseIfV2_2\",\"IsAdvancedOptionsExpanded\":false,\"Widgets\":{\"Then\":{\"ShowExpanded\":true},\"Else\":{\"ShowExpanded\":true}}},{\"ActivityIdRef\":\"Delay_2\",\"IsAdvancedOptionsExpanded\":false,\"Widgets\":{}},{\"ActivityIdRef\":\"SendMailConnections_2\",\"IsAdvancedOptionsExpanded\":false,\"Categories\":{\"Destinatários\":true,\"Opções\":true},\"Widgets\":{}},{\"ActivityIdRef\":\"SendMailConnections_1\",\"IsAdvancedOptionsExpanded\":false,\"Categories\":{\"Destinatários\":true,\"Opções\":true},\"Widgets\":{}},{\"ActivityIdRef\":\"Delay_1\",\"IsAdvancedOptionsExpanded\":false,\"Widgets\":{}}]}","ProjectBreakpoints":"{\"Value\":{},\"CodeBreakpoints\":{}}","ProjectWatches":"{\"Value\":[]}","ProjectSettings":"{\"CompileExpressions\":true,\"ReadyToRun\":false,\"DefaultActivitiesRootCategories\":[null],\"IncludeSourcesByDefault\":true,\"RemoveUnusedDependencies\":false}"}