{
  "BaseUrl": "https://cloud.uipath.com/mariazkbmsga/studio_",
  "Snapshot": {
    "Id": "2d4515a5-8109-4622-b27a-7d675b6e2d7b",
    "ExpressionLanguage": "VisualBasic",
    "ProjectType": "Process",
    "Name": "Dados CNPJ 1",
    "Description": "Transferir e converter ficheiro a partir do Web site",
    "LastModifiedTime": "2024-11-17T05:18:05.7106543Z",
    "CreationTime": "2024-11-17T05:18:05.7106543Z",
    "UserId": "6e0be444-1478-4e34-991f-80721acb6638",
    "RootFolder": {
      "Name": "2d4515a5-8109-4622-b27a-7d675b6e2d7b",
      "Folders": [
        {
          "Id": "b07b2f49-d3c5-49a1-9027-39ece144b3ae",
          "Name": ".screenshots",
          "Folders": [],
          "Files": [
            {
              "Id": "2f44c42b90bf9f620ae9211b8324bd33.png",
              "Name": "2f44c42b90bf9f620ae9211b8324bd33.png",
              "IsMain": false
            },
            {
              "Id": "a6f0666cfff274f253b3712110a71082.png",
              "Name": "a6f0666cfff274f253b3712110a71082.png",
              "IsMain": false
            },
            {
              "Id": "d1bf6da6a270bba225e162d11de11445.png",
              "Name": "d1bf6da6a270bba225e162d11de11445.png",
              "IsMain": false
            },
            {
              "Id": "31f5c42680562fbe9739954b549184cc.png",
              "Name": "31f5c42680562fbe9739954b549184cc.png",
              "IsMain": false
            },
            {
              "Id": "47222c319380ca3b8f0f2f858812ee2c.png",
              "Name": "47222c319380ca3b8f0f2f858812ee2c.png",
              "IsMain": false
            },
            {
              "Id": "b40eb0cd181e81ff8db3fe8627258320.png",
              "Name": "b40eb0cd181e81ff8db3fe8627258320.png",
              "IsMain": false
            },
            {
              "Id": "10eda8b44b721dbf4d54b9156ee0884e.png",
              "Name": "10eda8b44b721dbf4d54b9156ee0884e.png",
              "IsMain": false
            },
            {
              "Id": "6ef66ffa34ae19193354017c59baa398.png",
              "Name": "6ef66ffa34ae19193354017c59baa398.png",
              "IsMain": false
            },
            {
              "Id": "ca61c5dd920229438124db916dcc4b8c.png",
              "Name": "ca61c5dd920229438124db916dcc4b8c.png",
              "IsMain": false
            },
            {
              "Id": "dca023dea2e09700403d4ae6768ab50a.png",
              "Name": "dca023dea2e09700403d4ae6768ab50a.png",
              "IsMain": false
            },
            {
              "Id": "e9d3602800e7121ac7fbceeb40ae2703.png",
              "Name": "e9d3602800e7121ac7fbceeb40ae2703.png",
              "IsMain": false
            },
            {
              "Id": "dd8718e7b9e40c76aa09bcdcc1f213b0.png",
              "Name": "dd8718e7b9e40c76aa09bcdcc1f213b0.png",
              "IsMain": false
            },
            {
              "Id": "55b305f8eebce1e1a0eae0b24c9b53d4.png",
              "Name": "55b305f8eebce1e1a0eae0b24c9b53d4.png",
              "IsMain": false
            },
            {
              "Id": "4b038ae3b457e69bdb7145c4a71513f6.png",
              "Name": "4b038ae3b457e69bdb7145c4a71513f6.png",
              "IsMain": false
            },
            {
              "Id": "b985d8de2a986244f1c0a6b6fb8d2259.jpg",
              "Name": "b985d8de2a986244f1c0a6b6fb8d2259.jpg",
              "IsMain": false
            },
            {
              "Id": "5808841f8f1beccc922b5c9328cdbe73.png",
              "Name": "5808841f8f1beccc922b5c9328cdbe73.png",
              "IsMain": false
            },
            {
              "Id": "104368b2a6b42728ea806ce10b4f10d7.png",
              "Name": "104368b2a6b42728ea806ce10b4f10d7.png",
              "IsMain": false
            },
            {
              "Id": "3a1624e8753b0f5322c5cecc61db326e.jpg",
              "Name": "3a1624e8753b0f5322c5cecc61db326e.jpg",
              "IsMain": false
            },
            {
              "Id": "0bf792dc5f3483109e7e044c8453bd56.png",
              "Name": "0bf792dc5f3483109e7e044c8453bd56.png",
              "IsMain": false
            },
            {
              "Id": "25b712dc8100a461f960d9e488bce482.png",
              "Name": "25b712dc8100a461f960d9e488bce482.png",
              "IsMain": false
            },
            {
              "Id": "44385538c12c736cf5f843f4794c77e3.png",
              "Name": "44385538c12c736cf5f843f4794c77e3.png",
              "IsMain": false
            },
            {
              "Id": "c196adfb71c6ddc5c98656cba4d8e02c.png",
              "Name": "c196adfb71c6ddc5c98656cba4d8e02c.png",
              "IsMain": false
            },
            {
              "Id": "8abb6d3c908c232010ff428e57fbab45.png",
              "Name": "8abb6d3c908c232010ff428e57fbab45.png",
              "IsMain": false
            },
            {
              "Id": "e759970a1c03ea8ef674483044f99bbf.png",
              "Name": "e759970a1c03ea8ef674483044f99bbf.png",
              "IsMain": false
            },
            {
              "Id": "958e2548f33707605da383ea8b2ee67b.jpg",
              "Name": "958e2548f33707605da383ea8b2ee67b.jpg",
              "IsMain": false
            },
            {
              "Id": "386886be22d43bae8cdc3e6c88f50704.png",
              "Name": "386886be22d43bae8cdc3e6c88f50704.png",
              "IsMain": false
            },
            {
              "Id": "16faa2e619f45dc2ae10e3a923f84f97.png",
              "Name": "16faa2e619f45dc2ae10e3a923f84f97.png",
              "IsMain": false
            }
          ]
        },
        {
          "Id": "015524dc-b049-4253-b2c6-46af8dfa4cc3",
          "Name": ".tmh",
          "Folders": [],
          "Files": [
            {
              "Id": "1c6be24b-9fae-4d07-95ef-012d3761b0c1",
              "Name": "config.json",
              "IsMain": false
            }
          ]
        },
        {
          "Id": "b3099711-ea1f-4da1-85fe-52af3d933b85",
          "Name": ".storage",
          "Folders": [
            {
              "Id": "741c660e-2f4b-4d61-8751-98dfa13443bd",
              "Name": ".runtime",
              "Folders": [
                {
                  "Id": "1c3474f3-c82e-4396-a05e-f0d43a189385",
                  "Name": "DesignTimeTargetImagePersistenceService",
                  "Folders": [],
                  "Files": [
                    {
                      "Id": "f76b8f20-0e3c-4474-9603-8f143a128801",
                      "Name": "9ae2bcaf-188d-4455-8fec-433343143714",
                      "IsMain": false
                    },
                    {
                      "Id": "88952cb6-e713-412a-bdac-2728666fdfcb",
                      "Name": "14c7d8c3-b7cf-414e-80be-571a120a989e",
                      "IsMain": false
                    },
                    {
                      "Id": "ce4819b8-8fbf-474c-82a1-f562ac9d0191",
                      "Name": "cb49c067-d128-4fd5-882d-0ad6e5324919",
                      "IsMain": false
                    },
                    {
                      "Id": "6d19f18a-c73d-4502-9897-a570ea3e7e4f",
                      "Name": "d39162fe-e277-45a3-a265-2fea566da855",
                      "IsMain": false
                    },
                    {
                      "Id": "f5660d18-8c46-41dc-b64b-0a8a7f579e81",
                      "Name": "cdbf9750-02a7-41ad-9128-306e3a047a6e",
                      "IsMain": false
                    },
                    {
                      "Id": "360e40a5-f9a9-4f3c-8f03-c1ae7f10b19c",
                      "Name": "812b26a4-acac-4704-85a0-0d84901d0a1e",
                      "IsMain": false
                    },
                    {
                      "Id": "76fe2292-a9c8-448d-9087-8c13a240514b",
                      "Name": "6b52c421-13a7-40cd-a6fe-50197e7e8136",
                      "IsMain": false
                    },
                    {
                      "Id": "02eb8c12-bb3f-46d3-a82e-adb956eb6c61",
                      "Name": "bc36a8a9-e458-483d-8745-d5194f548e80",
                      "IsMain": false
                    },
                    {
                      "Id": "25a66f91-53ad-4f0f-89ba-df2e00336e75",
                      "Name": "ae7c3b8a-0e95-404c-a908-58e9d911b643",
                      "IsMain": false
                    },
                    {
                      "Id": "df182220-b9d0-497f-b42b-867c88336427",
                      "Name": "f2025d7c-a79d-4f08-8e72-09469ba07bc4",
                      "IsMain": false
                    },
                    {
                      "Id": "1d9931f9-bd14-496d-b173-d4606ed1aac7",
                      "Name": "2ef39139-5a79-49b5-a038-549522057755",
                      "IsMain": false
                    },
                    {
                      "Id": "db94c7ba-4863-48e2-9747-06da82a8f612",
                      "Name": "a3284f64-8a58-44d8-b58a-85db85fe200c",
                      "IsMain": false
                    },
                    {
                      "Id": "551c06a3-49f5-4ccc-a50b-52d3cf731c5a",
                      "Name": "4c261bda-d6ae-450a-8539-25e26d6ffa73",
                      "IsMain": false
                    },
                    {
                      "Id": "00f1a075-f410-4699-b54b-1537d17f2f6a",
                      "Name": "2a5fbabf-5fa9-4744-adeb-a7671d4faff8",
                      "IsMain": false
                    },
                    {
                      "Id": "ccb683ec-b6b5-4824-a172-30260fb5d339",
                      "Name": "16348003-39a3-4969-9509-9101aed07b86",
                      "IsMain": false
                    }
                  ]
                },
                {
                  "Id": "734d1aa6-fc9c-4157-b9b0-bfc25aac624a",
                  "Name": "AncestryPersistenceService",
                  "Folders": [],
                  "Files": [
                    {
                      "Id": "997df93a-b3e1-4749-b629-be89ee1fd4f5",
                      "Name": "9ae2bcaf-188d-4455-8fec-433343143714",
                      "IsMain": false
                    },
                    {
                      "Id": "faf5e795-c57f-4ce6-893c-a48b76c1aa4c",
                      "Name": "14c7d8c3-b7cf-414e-80be-571a120a989e",
                      "IsMain": false
                    },
                    {
                      "Id": "fd0b475a-ef49-45ee-af18-f3e9b5cd5f6e",
                      "Name": "cb49c067-d128-4fd5-882d-0ad6e5324919_7c29a165-1092-4b37-9cff-9e2a6c9717a4",
                      "IsMain": false
                    },
                    {
                      "Id": "d2c6a3d8-20f6-49c6-ad41-5938cdc9cc51",
                      "Name": "d39162fe-e277-45a3-a265-2fea566da855",
                      "IsMain": false
                    },
                    {
                      "Id": "61c4e6a3-6d57-45b1-8892-ac1a41a024f4",
                      "Name": "cdbf9750-02a7-41ad-9128-306e3a047a6e",
                      "IsMain": false
                    },
                    {
                      "Id": "d28e742e-5ee8-4829-a3a3-48cb10d952be",
                      "Name": "812b26a4-acac-4704-85a0-0d84901d0a1e",
                      "IsMain": false
                    },
                    {
                      "Id": "dea0c5a7-8de5-4201-a721-f134f56ca1d5",
                      "Name": "6b52c421-13a7-40cd-a6fe-50197e7e8136",
                      "IsMain": false
                    },
                    {
                      "Id": "6806278a-50c3-4b11-b94a-4f490c155cb3",
                      "Name": "bc36a8a9-e458-483d-8745-d5194f548e80",
                      "IsMain": false
                    },
                    {
                      "Id": "6fee9181-67b8-4f3e-8ec8-7adb459f0f35",
                      "Name": "ae7c3b8a-0e95-404c-a908-58e9d911b643",
                      "IsMain": false
                    },
                    {
                      "Id": "4fd101d2-93a3-4a75-a716-8463eece23c6",
                      "Name": "f2025d7c-a79d-4f08-8e72-09469ba07bc4",
                      "IsMain": false
                    },
                    {
                      "Id": "56fc0f9a-6fcc-47b2-8252-277442c949d0",
                      "Name": "a3284f64-8a58-44d8-b58a-85db85fe200c",
                      "IsMain": false
                    },
                    {
                      "Id": "736f3f96-8ea8-4d38-93d1-1a59e3c9b25d",
                      "Name": "4c261bda-d6ae-450a-8539-25e26d6ffa73",
                      "IsMain": false
                    },
                    {
                      "Id": "b00703e4-eaa3-47c8-8a9b-78d23a05580d",
                      "Name": "2ef39139-5a79-49b5-a038-549522057755_57792c3e-f72f-4ed3-bc33-4b6b0cc7985e",
                      "IsMain": false
                    },
                    {
                      "Id": "5b24f3ce-3d54-4033-a117-9b1d44036eac",
                      "Name": "2a5fbabf-5fa9-4744-adeb-a7671d4faff8",
                      "IsMain": false
                    },
                    {
                      "Id": "365e724f-0948-476b-a89f-9ff215b3018a",
                      "Name": "16348003-39a3-4969-9509-9101aed07b86",
                      "IsMain": false
                    }
                  ]
                }
              ],
              "Files": []
            }
          ],
          "Files": []
        },
        {
          "Id": "05e24005-7483-462a-b52b-ab5ef897b691",
          "Name": ".objects",
          "Folders": [
            {
              "Id": "1acad164-3d14-4af1-af69-2c7c064d0cd9",
              "Name": "MiaA",
              "Folders": [
                {
                  "Id": "8c4dc626-5827-4a16-88d7-f9e8a68b3cae",
                  "Name": ".data",
                  "Folders": [
                    {
                      "Id": "9084ad11-607b-44cf-bae2-ebdd552227dd",
                      "Name": "ObjectSelectionName",
                      "Folders": [],
                      "Files": [
                        {
                          "Id": "04f58619-da53-4892-b0cf-3a4188062846",
                          "Name": ".content",
                          "IsMain": false
                        }
                      ]
                    }
                  ],
                  "Files": []
                },
                {
                  "Id": "089dc63c-28be-4bb4-9b49-fb6116ea783b",
                  "Name": "SfTu",
                  "Folders": [
                    {
                      "Id": "9f476cf3-3431-4471-9f34-bac1db02b100",
                      "Name": "iSgg",
                      "Folders": [
                        {
                          "Id": "ba239c43-1ed9-4dcf-977d-78096ad011c0",
                          "Name": ".data",
                          "Folders": [
                            {
                              "Id": "4e9bb9ea-b5b5-4788-89b2-8d2259b3aff8",
                              "Name": "ObjectRepositoryScreenData",
                              "Folders": [
                                {
                                  "Id": "d12d1fe7-9a28-4832-8034-9f44267e39bc",
                                  "Name": ".images",
                                  "Folders": [
                                    {
                                      "Id": "a5fbf188-b316-4505-a1fc-6129e832e3ae",
                                      "Name": ".design",
                                      "Folders": [],
                                      "Files": [
                                        {
                                          "Id": "694bd2d6-f290-411c-a466-8ac7919c92c7",
                                          "Name": "0fJOI3UpmZUqi6E7BLFTFUA",
                                          "IsMain": false
                                        }
                                      ]
                                    }
                                  ],
                                  "Files": []
                                }
                              ],
                              "Files": [
                                {
                                  "Id": "46177b55-2bba-4b19-b322-34b79e7296b8",
                                  "Name": ".content",
                                  "IsMain": false
                                }
                              ]
                            }
                          ],
                          "Files": []
                        }
                      ],
                      "Files": [
                        {
                          "Id": "7d6f59ab-a9c1-457e-9894-d3febf6e3897",
                          "Name": ".type",
                          "IsMain": false
                        },
                        {
                          "Id": "8e5f3fa8-8e30-4876-a973-8426b6879c29",
                          "Name": ".metadata",
                          "IsMain": false
                        }
                      ]
                    }
                  ],
                  "Files": [
                    {
                      "Id": "2abd4489-ebbd-42df-a877-aeb14b2ee5d2",
                      "Name": ".type",
                      "IsMain": false
                    },
                    {
                      "Id": "94f65d87-dbb4-494e-85e6-fd5e35aaa350",
                      "Name": ".metadata",
                      "IsMain": false
                    }
                  ]
                }
              ],
              "Files": [
                {
                  "Id": "4dd8372c-8b58-427f-abcf-befe87e6c731",
                  "Name": ".type",
                  "IsMain": false
                },
                {
                  "Id": "b00be72f-0e29-4d70-9393-a310b2f75ac4",
                  "Name": ".metadata",
                  "IsMain": false
                }
              ]
            },
            {
              "Id": "73fc67d8-82ca-4d28-b2f0-5a043fe6231c",
              "Name": "skJz",
              "Folders": [
                {
                  "Id": "7d93ca74-f4ac-4b92-afb6-bd651b7caaf9",
                  "Name": ".data",
                  "Folders": [
                    {
                      "Id": "f310e3c7-b207-4851-885f-55a74bc9f640",
                      "Name": "ObjectSelectionName",
                      "Folders": [],
                      "Files": [
                        {
                          "Id": "8867bbc7-d212-42c6-91bf-f79f33322c3d",
                          "Name": ".content",
                          "IsMain": false
                        }
                      ]
                    }
                  ],
                  "Files": []
                },
                {
                  "Id": "f36ad1c3-3829-4631-b76d-ba36822bae01",
                  "Name": "_DWY",
                  "Folders": [
                    {
                      "Id": "252edeaa-58be-4f23-9439-144f2a07bf66",
                      "Name": "S_Ma",
                      "Folders": [
                        {
                          "Id": "c3a1443e-af4b-4507-a5a7-d3733e71f154",
                          "Name": ".data",
                          "Folders": [
                            {
                              "Id": "e15eba24-33f3-49d1-a6d9-78e797343442",
                              "Name": "ObjectRepositoryScreenData",
                              "Folders": [
                                {
                                  "Id": "1f4bfe3a-1e08-41de-8bf0-7b572868a9ea",
                                  "Name": ".images",
                                  "Folders": [
                                    {
                                      "Id": "fdcfd41b-314f-4b98-b083-7a093334bc68",
                                      "Name": ".design",
                                      "Folders": [],
                                      "Files": [
                                        {
                                          "Id": "4846bf1a-b738-4682-b19f-c61bcb9ea437",
                                          "Name": "0-8-h23XsUEaMslwRKTAWyA",
                                          "IsMain": false
                                        }
                                      ]
                                    }
                                  ],
                                  "Files": []
                                }
                              ],
                              "Files": [
                                {
                                  "Id": "a10583d0-c592-468d-8dd2-475895def2c2",
                                  "Name": ".content",
                                  "IsMain": false
                                }
                              ]
                            }
                          ],
                          "Files": []
                        },
                        {
                          "Id": "f6e906da-1f07-4043-ac52-7953432c78a5",
                          "Name": "qtxV",
                          "Folders": [
                            {
                              "Id": "855a8380-dd3b-4723-a657-4df9c18cb6c3",
                              "Name": ".data",
                              "Folders": [
                                {
                                  "Id": "61d06b55-07b0-48ac-a921-8c3d7a736cc3",
                                  "Name": "ObjectRepositoryTargetData",
                                  "Folders": [
                                    {
                                      "Id": "2248131c-e68c-4280-94b8-c73336f9fea5",
                                      "Name": ".images",
                                      "Folders": [
                                        {
                                          "Id": "f0ba0ec5-2bae-45af-8a43-47ef098fe833",
                                          "Name": ".design",
                                          "Folders": [],
                                          "Files": [
                                            {
                                              "Id": "d7afd96a-73b0-47f8-86a9-1797e6979e40",
                                              "Name": "077DWnxXHEkivGYMp23BJUg",
                                              "IsMain": false
                                            }
                                          ]
                                        }
                                      ],
                                      "Files": []
                                    }
                                  ],
                                  "Files": [
                                    {
                                      "Id": "6e7017db-6337-4936-a480-a835627dbe7d",
                                      "Name": ".content",
                                      "IsMain": false
                                    }
                                  ]
                                }
                              ],
                              "Files": []
                            }
                          ],
                          "Files": [
                            {
                              "Id": "3acae431-bccd-462b-a1a5-e7f28d052291",
                              "Name": ".type",
                              "IsMain": false
                            },
                            {
                              "Id": "d79f077a-f8a7-4fa7-b905-0a7bba3b4d76",
                              "Name": ".metadata",
                              "IsMain": false
                            }
                          ]
                        },
                        {
                          "Id": "5323410e-ea91-44c5-a1d8-9de334c8427e",
                          "Name": "Wy54",
                          "Folders": [
                            {
                              "Id": "4988b837-7f16-48e9-9ee9-879a510dab9a",
                              "Name": ".data",
                              "Folders": [
                                {
                                  "Id": "18002090-a6d9-4d2f-bb2c-fe9f8bfb1fe4",
                                  "Name": "ObjectRepositoryTargetData",
                                  "Folders": [
                                    {
                                      "Id": "672c6dfd-6960-40ed-a452-58275158ea25",
                                      "Name": ".images",
                                      "Folders": [
                                        {
                                          "Id": "adace126-a0f5-442f-8c6d-784a5208db17",
                                          "Name": ".design",
                                          "Folders": [],
                                          "Files": [
                                            {
                                              "Id": "f84b9453-f191-4d3b-9578-6abaa623083d",
                                              "Name": "0OYO2e6y81UWcL0BzlBrPYQ",
                                              "IsMain": false
                                            }
                                          ]
                                        }
                                      ],
                                      "Files": []
                                    }
                                  ],
                                  "Files": [
                                    {
                                      "Id": "27182a58-2b92-42e0-b2a5-25c310006fab",
                                      "Name": ".content",
                                      "IsMain": false
                                    }
                                  ]
                                }
                              ],
                              "Files": []
                            }
                          ],
                          "Files": [
                            {
                              "Id": "303e5728-64cf-4764-b013-572eb043b7c1",
                              "Name": ".type",
                              "IsMain": false
                            },
                            {
                              "Id": "337bb9ad-2d05-43a0-b6f9-a5c698f884f6",
                              "Name": ".metadata",
                              "IsMain": false
                            }
                          ]
                        },
                        {
                          "Id": "66e1a501-eafb-47ff-a19f-57571547137e",
                          "Name": "Utop",
                          "Folders": [
                            {
                              "Id": "8682433e-7203-420c-ad39-18052cd8477e",
                              "Name": ".data",
                              "Folders": [
                                {
                                  "Id": "eeb56b33-e1fd-4503-a6ae-17a4f2843913",
                                  "Name": "ObjectRepositoryTargetData",
                                  "Folders": [
                                    {
                                      "Id": "8baf71f0-93a2-4549-84b8-c3603daf09af",
                                      "Name": ".images",
                                      "Folders": [
                                        {
                                          "Id": "5fea6e95-57cf-45ff-aadd-d1d00cb2044a",
                                          "Name": ".design",
                                          "Folders": [],
                                          "Files": [
                                            {
                                              "Id": "790d8451-1651-472c-bd59-a6d046418198",
                                              "Name": "03uSwm5vvK0CD5jTSuFn3oQ",
                                              "IsMain": false
                                            }
                                          ]
                                        }
                                      ],
                                      "Files": []
                                    }
                                  ],
                                  "Files": [
                                    {
                                      "Id": "efd0dce9-9b64-4584-8dfe-77ef5dc91d4d",
                                      "Name": ".content",
                                      "IsMain": false
                                    }
                                  ]
                                }
                              ],
                              "Files": []
                            }
                          ],
                          "Files": [
                            {
                              "Id": "7668167d-7d03-446e-b7e5-9ae198c88096",
                              "Name": ".type",
                              "IsMain": false
                            },
                            {
                              "Id": "c17ebfb8-c3f2-4ab8-a83b-842826ec9024",
                              "Name": ".metadata",
                              "IsMain": false
                            }
                          ]
                        },
                        {
                          "Id": "92250ace-2b73-4ebb-aa82-fe153353a4b5",
                          "Name": "bK2-",
                          "Folders": [
                            {
                              "Id": "afbb4ca4-d744-475c-9232-b414c3e0881a",
                              "Name": ".data",
                              "Folders": [
                                {
                                  "Id": "37be1341-a04d-4a90-8baa-9a00e40332a9",
                                  "Name": "ObjectRepositoryTargetData",
                                  "Folders": [
                                    {
                                      "Id": "775b7233-7d06-4486-bae0-63d7c0aaad5c",
                                      "Name": ".images",
                                      "Folders": [
                                        {
                                          "Id": "38f52552-cd25-4899-a744-fe9a829cc7d5",
                                          "Name": ".design",
                                          "Folders": [],
                                          "Files": [
                                            {
                                              "Id": "ec9981fe-b83b-470e-97ca-92ab94c4f8fc",
                                              "Name": "0NNl_afwMl0ii_KKtOfzRRg",
                                              "IsMain": false
                                            }
                                          ]
                                        }
                                      ],
                                      "Files": []
                                    }
                                  ],
                                  "Files": [
                                    {
                                      "Id": "ddb49114-90d2-4650-bdeb-edf85c904130",
                                      "Name": ".content",
                                      "IsMain": false
                                    }
                                  ]
                                }
                              ],
                              "Files": []
                            }
                          ],
                          "Files": [
                            {
                              "Id": "df19a7a2-ced5-43a8-a64e-76ce241ebd81",
                              "Name": ".type",
                              "IsMain": false
                            },
                            {
                              "Id": "e318b463-a2cc-4df1-be6b-6f83959d7881",
                              "Name": ".metadata",
                              "IsMain": false
                            }
                          ]
                        },
                        {
                          "Id": "977a4d9a-d3f8-49a1-b5ba-015ce9c45b10",
                          "Name": "LAXt",
                          "Folders": [
                            {
                              "Id": "7bee0f5a-5036-4090-b9ac-1d46acd969d1",
                              "Name": ".data",
                              "Folders": [
                                {
                                  "Id": "404355f9-b364-46c0-8cf4-5a4c8b132cb5",
                                  "Name": "ObjectRepositoryTargetData",
                                  "Folders": [
                                    {
                                      "Id": "dec75d6b-27a6-4079-8ed1-18b740bdaf5b",
                                      "Name": ".images",
                                      "Folders": [
                                        {
                                          "Id": "c8cc8067-9e32-4381-a7b0-7103afd02fb1",
                                          "Name": ".design",
                                          "Folders": [],
                                          "Files": [
                                            {
                                              "Id": "03315d37-f2c6-4242-957c-4dc2757caa15",
                                              "Name": "0xGkRJNSBl0egqMy9vT1JUA",
                                              "IsMain": false
                                            }
                                          ]
                                        }
                                      ],
                                      "Files": []
                                    }
                                  ],
                                  "Files": [
                                    {
                                      "Id": "7690d2f3-4877-4f9d-b4fb-13693dcbb4e1",
                                      "Name": ".content",
                                      "IsMain": false
                                    }
                                  ]
                                }
                              ],
                              "Files": []
                            }
                          ],
                          "Files": [
                            {
                              "Id": "d18f1105-9671-4ff9-9039-40e6f80aa2c1",
                              "Name": ".type",
                              "IsMain": false
                            },
                            {
                              "Id": "2604a2a5-a48d-45ca-9632-130c7fb818fa",
                              "Name": ".metadata",
                              "IsMain": false
                            }
                          ]
                        },
                        {
                          "Id": "7f86535a-1443-4cdc-be8a-936e89dff754",
                          "Name": "vM6C",
                          "Folders": [
                            {
                              "Id": "ed6a8071-70ca-4d5a-b951-d5210feb2e54",
                              "Name": ".data",
                              "Folders": [
                                {
                                  "Id": "42fc83cc-240f-4d59-9ab2-f2044e1b846b",
                                  "Name": "ObjectRepositoryTargetData",
                                  "Folders": [
                                    {
                                      "Id": "936462bb-1829-4fa4-b576-e943e53414e8",
                                      "Name": ".images",
                                      "Folders": [
                                        {
                                          "Id": "1905024c-5f97-4077-8f30-e02313c2b1da",
                                          "Name": ".design",
                                          "Folders": [],
                                          "Files": [
                                            {
                                              "Id": "5bf3781d-d08c-455d-a05c-b122525e5faa",
                                              "Name": "0iKW-9wDip0eD__T-NMxP9g",
                                              "IsMain": false
                                            }
                                          ]
                                        }
                                      ],
                                      "Files": []
                                    }
                                  ],
                                  "Files": [
                                    {
                                      "Id": "c0f4522f-f938-4d70-b12d-a874a9537e56",
                                      "Name": ".content",
                                      "IsMain": false
                                    }
                                  ]
                                }
                              ],
                              "Files": []
                            }
                          ],
                          "Files": [
                            {
                              "Id": "b60e7541-869d-4fa2-801a-612b89089dab",
                              "Name": ".type",
                              "IsMain": false
                            },
                            {
                              "Id": "50bd0be2-6b4f-4683-b25c-cc3705923b0f",
                              "Name": ".metadata",
                              "IsMain": false
                            }
                          ]
                        },
                        {
                          "Id": "860b61eb-e28a-495a-a619-3fb75aad1899",
                          "Name": "BBW_",
                          "Folders": [
                            {
                              "Id": "1ffa80ab-bd7d-4d81-b41b-7d07f28d61c7",
                              "Name": ".data",
                              "Folders": [
                                {
                                  "Id": "9756c860-049a-4ea1-b723-f930ab4c664f",
                                  "Name": "ObjectRepositoryTargetData",
                                  "Folders": [
                                    {
                                      "Id": "7ef24507-3270-48e5-8b79-80f23f0b4618",
                                      "Name": ".images",
                                      "Folders": [
                                        {
                                          "Id": "a7467d93-b209-4c74-b2ac-d5a706fa2226",
                                          "Name": ".design",
                                          "Folders": [],
                                          "Files": [
                                            {
                                              "Id": "56664d2b-86ca-4614-a150-161d4218ea81",
                                              "Name": "0QPC0c574TU6hbEe5O8mVYQ",
                                              "IsMain": false
                                            }
                                          ]
                                        }
                                      ],
                                      "Files": []
                                    }
                                  ],
                                  "Files": [
                                    {
                                      "Id": "7a7a3c32-7ea7-41f1-8c4c-ada99c06db41",
                                      "Name": ".content",
                                      "IsMain": false
                                    }
                                  ]
                                }
                              ],
                              "Files": []
                            }
                          ],
                          "Files": [
                            {
                              "Id": "4f1aa3e6-e229-4316-adcd-1f7464257488",
                              "Name": ".type",
                              "IsMain": false
                            },
                            {
                              "Id": "a017909c-d37b-43d3-8bb1-4757c159a64a",
                              "Name": ".metadata",
                              "IsMain": false
                            }
                          ]
                        }
                      ],
                      "Files": [
                        {
                          "Id": "89575cea-6f01-4472-9607-184ec0395596",
                          "Name": ".type",
                          "IsMain": false
                        },
                        {
                          "Id": "1622b2b7-fdf5-4ff5-8dfa-80bda6cea836",
                          "Name": ".metadata",
                          "IsMain": false
                        }
                      ]
                    }
                  ],
                  "Files": [
                    {
                      "Id": "61ba7168-c7be-44cc-9dd9-48c37ee638a1",
                      "Name": ".type",
                      "IsMain": false
                    },
                    {
                      "Id": "919e367f-8467-45b5-976b-2abca67406a5",
                      "Name": ".metadata",
                      "IsMain": false
                    }
                  ]
                }
              ],
              "Files": [
                {
                  "Id": "6c5c1413-fb24-4a3d-be69-a092f2cece31",
                  "Name": ".type",
                  "IsMain": false
                },
                {
                  "Id": "92d61c89-32fb-4c5c-a8b0-8f1210fc95b1",
                  "Name": ".metadata",
                  "IsMain": false
                }
              ]
            },
            {
              "Id": "fb36b09a-53c0-402d-b832-ae7fa700c7ba",
              "Name": "dH9F",
              "Folders": [
                {
                  "Id": "84bc60e1-486c-42e3-b309-9efeebda310d",
                  "Name": ".data",
                  "Folders": [
                    {
                      "Id": "08c357a6-9be7-4a31-bfa8-bb6f05ac2ed5",
                      "Name": "ObjectSelectionName",
                      "Folders": [],
                      "Files": [
                        {
                          "Id": "50ad53c5-89b5-4d1f-b369-bd3bcebcb293",
                          "Name": ".content",
                          "IsMain": false
                        }
                      ]
                    }
                  ],
                  "Files": []
                },
                {
                  "Id": "8dfe51c7-71af-4a09-b03b-646279959d51",
                  "Name": "39qq",
                  "Folders": [
                    {
                      "Id": "07d27e37-51c2-4a6b-b5de-1ab3359deede",
                      "Name": "tsLS",
                      "Folders": [
                        {
                          "Id": "14290f78-c6a5-47e1-bfd0-dfaa588305e0",
                          "Name": "zcpk",
                          "Folders": [
                            {
                              "Id": "640dcd5c-b52f-4fed-9967-fc908df24e6f",
                              "Name": ".data",
                              "Folders": [
                                {
                                  "Id": "06e2741d-c763-4b31-8c6e-cde47af9a490",
                                  "Name": "ObjectRepositoryTargetData",
                                  "Folders": [
                                    {
                                      "Id": "34b5829e-af49-4d20-a271-438ab209ea49",
                                      "Name": ".images",
                                      "Folders": [
                                        {
                                          "Id": "db7f215c-8b76-4883-9e1c-12b72296d3d4",
                                          "Name": ".design",
                                          "Folders": [],
                                          "Files": [
                                            {
                                              "Id": "fd4ac0db-7942-473e-a669-317851979cd9",
                                              "Name": "0OGAwjyQeDkK2kyQjKURsNA",
                                              "IsMain": false
                                            }
                                          ]
                                        }
                                      ],
                                      "Files": []
                                    }
                                  ],
                                  "Files": [
                                    {
                                      "Id": "0f4f5183-10dc-40af-8fbf-42b184387f7e",
                                      "Name": ".content",
                                      "IsMain": false
                                    }
                                  ]
                                }
                              ],
                              "Files": []
                            }
                          ],
                          "Files": [
                            {
                              "Id": "dc24430a-c6e2-4927-b925-24efe0760035",
                              "Name": ".type",
                              "IsMain": false
                            },
                            {
                              "Id": "6970d07a-b67f-4ed7-b63e-93a59afb4efb",
                              "Name": ".metadata",
                              "IsMain": false
                            }
                          ]
                        },
                        {
                          "Id": "d5aaaad9-3c4f-458c-847e-4e3a5777bc35",
                          "Name": ".data",
                          "Folders": [
                            {
                              "Id": "e6027e98-731f-4bc5-bbce-b0844e550b1d",
                              "Name": "ObjectRepositoryScreenData",
                              "Folders": [
                                {
                                  "Id": "a4619fc5-b285-4fea-a6ea-8d0923b8d8a9",
                                  "Name": ".images",
                                  "Folders": [
                                    {
                                      "Id": "39ec6ea4-22db-4dc2-9f8a-ca8520973fda",
                                      "Name": ".design",
                                      "Folders": [],
                                      "Files": [
                                        {
                                          "Id": "0885ed27-2929-4ea7-bdf7-a0699fd583bc",
                                          "Name": "02i0U49R8aEGRpEuaH_IAMA",
                                          "IsMain": false
                                        }
                                      ]
                                    }
                                  ],
                                  "Files": []
                                }
                              ],
                              "Files": [
                                {
                                  "Id": "99b9edb7-7c6d-408d-ac36-c8b829e2e2bf",
                                  "Name": ".content",
                                  "IsMain": false
                                }
                              ]
                            }
                          ],
                          "Files": []
                        }
                      ],
                      "Files": [
                        {
                          "Id": "552da705-7c32-4b8b-b5ef-9c3e1d102aba",
                          "Name": ".type",
                          "IsMain": false
                        },
                        {
                          "Id": "f3b488c9-58ff-4610-bd18-f5a0817bb343",
                          "Name": ".metadata",
                          "IsMain": false
                        }
                      ]
                    }
                  ],
                  "Files": [
                    {
                      "Id": "4ba5e33a-9d13-4826-8a9f-2e6c61dc997c",
                      "Name": ".type",
                      "IsMain": false
                    },
                    {
                      "Id": "3c7b32d7-30d4-4769-80bf-28cc47dd42ad",
                      "Name": ".metadata",
                      "IsMain": false
                    }
                  ]
                }
              ],
              "Files": [
                {
                  "Id": "56dfddd6-ce6b-4150-a3ab-e2c702cd8673",
                  "Name": ".type",
                  "IsMain": false
                },
                {
                  "Id": "a321a8c4-e2f0-4942-abdf-2cc20f2d2857",
                  "Name": ".metadata",
                  "IsMain": false
                }
              ]
            }
          ],
          "Files": [
            {
              "Id": "fd70deec-b1fb-4401-a772-2cf415741df5",
              "Name": ".type",
              "IsMain": false
            },
            {
              "Id": "d4b92e0c-a008-499f-9804-a253d6e86d22",
              "Name": ".metadata",
              "IsMain": false
            }
          ]
        },
        {
          "Id": "3f5320e9-1467-45ed-bf0a-71af66f45dfb",
          "Name": ".project",
          "Folders": [],
          "Files": [
            {
              "Id": "88d4b2a0-9df6-42c5-b0d9-a9155f27f7a2",
              "Name": "design.json",
              "IsMain": false
            },
            {
              "Id": "53c750fc-27eb-4477-856c-a3a0eb8c70ce",
              "Name": "PackageBindingsMetadata.json",
              "IsMain": false
            }
          ]
        },
        {
          "Id": "0777acef-87cc-4c20-ab19-162fd16e64cd",
          "Name": ".settings",
          "Folders": [
            {
              "Id": "66b98b0e-b33f-4514-ad27-abfca8138771",
              "Name": "Debug",
              "Folders": [],
              "Files": [
                {
                  "Id": "77ff1e6e-8385-4b8a-91ab-8832e2a17534",
                  "Name": "settings-1a5b880a.json",
                  "IsMain": false
                },
                {
                  "Id": "ac6e411e-9f2b-4d70-a7f8-6648ffd77fde",
                  "Name": "settings-590bb27b.json",
                  "IsMain": false
                },
                {
                  "Id": "040b7dca-eee8-4b3d-b593-301f2cd905ca",
                  "Name": "settings-5190454b.json",
                  "IsMain": false
                },
                {
                  "Id": "4e9109c5-c7f9-418c-9c56-109b54595a41",
                  "Name": "settings-9e9290da.json",
                  "IsMain": false
                },
                {
                  "Id": "50df41a5-fe5b-4e24-9e03-7f5a8fa9f0be",
                  "Name": "settings-afad0842.json",
                  "IsMain": false
                },
                {
                  "Id": "9d639bf2-66e4-48b1-b55b-edd2e90dd9c0",
                  "Name": "settings-51f48ab4.json",
                  "IsMain": false
                },
                {
                  "Id": "53c4a4cc-bc1a-42ff-83fe-87f2a8db9ca5",
                  "Name": "settings-a1b2dac1.json",
                  "IsMain": false
                }
              ]
            },
            {
              "Id": "5135ede6-10d1-4d32-aaa2-637575092324",
              "Name": "Release",
              "Folders": [],
              "Files": [
                {
                  "Id": "7dadfeee-489e-4f5f-9036-ca6b616e8196",
                  "Name": "settings-1a5b880a.json",
                  "IsMain": false
                },
                {
                  "Id": "22a328f3-eea4-4539-8e55-3e419d358a8f",
                  "Name": "settings-590bb27b.json",
                  "IsMain": false
                },
                {
                  "Id": "bf9d328a-f993-40cb-bd76-3213e49f7a54",
                  "Name": "settings-5190454b.json",
                  "IsMain": false
                },
                {
                  "Id": "e6797a00-efcd-4e24-a6b9-8bf17521e5fb",
                  "Name": "settings-9e9290da.json",
                  "IsMain": false
                },
                {
                  "Id": "19605b61-20e3-48b2-8742-e26802a999ec",
                  "Name": "settings-afad0842.json",
                  "IsMain": false
                },
                {
                  "Id": "69613560-844a-4eba-82ce-a826f313a80c",
                  "Name": "settings-51f48ab4.json",
                  "IsMain": false
                },
                {
                  "Id": "0d895510-8e0f-422f-9d30-d09f512e3397",
                  "Name": "settings-a1b2dac1.json",
                  "IsMain": false
                }
              ]
            },
            {
              "Id": "1ed20210-3e05-48f8-9dc9-b61892dea22a",
              "Name": "Design",
              "Folders": [],
              "Files": [
                {
                  "Id": "39ec4723-ec2b-4086-b09b-5b37e050a50c",
                  "Name": "settings-5190454b.json",
                  "IsMain": false
                },
                {
                  "Id": "edc7fd73-8330-4454-8e31-4178507fab67",
                  "Name": "settings-afad0842.json",
                  "IsMain": false
                },
                {
                  "Id": "cf99430c-34c6-4d19-ac80-5ec7bd035947",
                  "Name": "settings-a1b2dac1.json",
                  "IsMain": false
                }
              ]
            }
          ],
          "Files": []
        }
      ],
      "Files": [
        {
          "Id": "a0c294ed-03ea-4ca1-8d2b-a4d4a911e01a",
          "Name": "Main.xaml",
          "IsMain": true
        },
        {
          "Id": "16e30738-1856-4a11-ba92-fbb8eaa13382",
          "Name": "GlobalHandlerX.xaml",
          "IsMain": false
        },
        {
          "Id": "20fffda6-3ab0-4342-850e-3504c0138ff3",
          "Name": "RuntimeExecutionError_Template.html",
          "IsMain": false
        },
        {
          "Id": "435e6e6c-2331-4295-841c-36af464ea8ad",
          "Name": "Sequência.xaml",
          "IsMain": false
        },
        {
          "Id": "aae1d510-b165-4bc9-99c2-aabd12e9ba4b",
          "Name": "Project_Notebook.xlsx",
          "IsMain": false
        },
        {
          "Id": "fcad5557-0510-492e-a94c-181d6e96f028",
          "Name": "RuntimeExecutionError.html",
          "IsMain": false
        },
        {
          "Id": "faeb88d0-d30d-457e-9ec3-bfec0e79dbc7",
          "Name": "project.json",
          "IsMain": false
        },
        {
          "Id": "cc9a5d06-5d1c-4d51-9da9-5a5dc372ff85",
          "Name": "LAYOUT_DADOS_ABERTOS_CNPJ.pdf",
          "IsMain": false
        }
      ]
    },
    "Dependencies": [
      {
        "Name": "UiPath.CommunicationsMining.Activities",
        "Version": "[1.2.2]"
      },
      {
        "Name": "UiPath.ComplexScenarios.Activities",
        "Version": "[1.5.0]"
      },
      {
        "Name": "UiPath.Excel.Activities",
        "Version": "[2.24.3]"
      },
      {
        "Name": "UiPath.IntegrationService.Activities",
        "Version": "[1.9.0]"
      },
      {
        "Name": "UiPath.Mail.Activities",
        "Version": "[1.23.11]"
      },
      {
        "Name": "UiPath.MicrosoftOffice365.Activities",
        "Version": "[2.8.11-preview]"
      },
      {
        "Name": "UiPath.Presentations.Activities",
        "Version": "[1.14.1]"
      },
      {
        "Name": "UiPath.System.Activities",
        "Version": "[24.10.6]"
      },
      {
        "Name": "UiPath.UIAutomation.Activities",
        "Version": "[24.10.7]"
      },
      {
        "Name": "UiPath.Word.Activities",
        "Version": "[1.20.2]"
      }
    ],
    "HasTrigger": false,
    "DisableAutoUpdate": false
  },
  "OriginalFilesHash": {
    ".objects/skJz/_DWY/S_Ma/Utop/.metadata": "AowKmXY0V6r5AM+v+9zOWx/nQvrh4bdw+ss2A3qGYp4=",
    ".settings/Design/settings-5190454b.json": "R8KMXeb6aoFhT/ZIUo1Ju8IME0pdk4z0CdfLSKo011s=",
    ".screenshots/d1bf6da6a270bba225e162d11de11445.png": "QIpbk5xjbJJGrjHXIOZcy+H3usg16Nmk4siK0eqthBI=",
    ".objects/skJz/_DWY/S_Ma/Utop/.data/ObjectRepositoryTargetData/.content": "Kf7VMwvRuXeXi2tqB8Zfn4YbXm0WKxC9AzbMZMZlqOg=",
    ".storage/.runtime/AncestryPersistenceService/cdbf9750-02a7-41ad-9128-306e3a047a6e": "w2ipbQyD1rAScy6NjgKQyA/bQwTbI5cc4I9zQ+Ckq8Q=",
    ".screenshots/8abb6d3c908c232010ff428e57fbab45.png": "riv4HolnCyYPP9tIqkWfdeaG2dXUaOXhdSJudzZ+hio=",
    ".objects/skJz/_DWY/S_Ma/vM6C/.data/ObjectRepositoryTargetData/.content": "7102XNu7egUjE3KkxHk+HVnx4NkJt2koI2P7GcMJoXM=",
    ".storage/.runtime/AncestryPersistenceService/4c261bda-d6ae-450a-8539-25e26d6ffa73": "fWjwhNpV6cKGL2QB6PQ2nq2A9ijinIdZmaotG68hF1A=",
    ".objects/skJz/_DWY/S_Ma/vM6C/.data/ObjectRepositoryTargetData/.images/.design/0iKW-9wDip0eD__T-NMxP9g": "Vxj/41zvIAYujJej/nwOyk7slo3wq682BaRTRFZvMHQ=",
    ".screenshots/2f44c42b90bf9f620ae9211b8324bd33.png": "9h6gAb3dEakk/ifnNKZveiUULBYqY3s/8+DeFcdovgY=",
    ".objects/dH9F/.type": "DQS/631ktxx0/JJcypPWgxVOjMfm5YOPrO1JjjTJmE0=",
    ".objects/dH9F/39qq/tsLS/zcpk/.data/ObjectRepositoryTargetData/.content": "uIMW+vFzW6ugByC2oCon2qTGQYoQ41R37lX2yZlJXzY=",
    ".storage/.runtime/DesignTimeTargetImagePersistenceService/bc36a8a9-e458-483d-8745-d5194f548e80": "pU9F5tfwbYN2CjC5vZUeLa1hlJqw0n5LyIGwhHQ/0GA=",
    ".objects/dH9F/39qq/tsLS/.data/ObjectRepositoryScreenData/.images/.design/02i0U49R8aEGRpEuaH_IAMA": "G6Ot0B6UUuSKe7EaRkDEB5Sm1TGE6VQNF5VrNvNRBvQ=",
    "Main.xaml": "xA7/4z6fnupx7Wuk20bBuIvNwYruz3N27RKIsyvaxhI=",
    ".objects/skJz/_DWY/S_Ma/vM6C/.metadata": "Usca+1t6YuJu0mC+RZ4OoJejcMD3Vl77O5LMg7a5kmY=",
    ".objects/skJz/_DWY/.metadata": "zevsPaas6hXoa/JEYqAPU7NybNaJLbBrrSoMxEDCNjU=",
    ".objects/MiaA/.data/ObjectSelectionName/.content": "6PsJOMs84zB7DMaNgFFpsn9XFC4zxJ+OSuShvRiKf50=",
    ".objects/skJz/_DWY/S_Ma/.type": "blYTfiHTIiouMTX8NFgob8P7ay4sZ56a4o2yaP6YKvc=",
    ".storage/.runtime/AncestryPersistenceService/14c7d8c3-b7cf-414e-80be-571a120a989e": "God+eute3koRCPPM8MLyjQyrsxcpyV9kPhN4wP1onj8=",
    "GlobalHandlerX.xaml": "0xnkHc+UgWqvZwvle+YAWGEUFdTOKr5JuHMJE5E9QgU=",
    ".objects/skJz/_DWY/S_Ma/Utop/.data/ObjectRepositoryTargetData/.images/.design/03uSwm5vvK0CD5jTSuFn3oQ": "8Igyh5rnxdjXsdi5IfJtaUj4xmh3yLZ+93dkAW/Qj8k=",
    ".settings/Debug/settings-1a5b880a.json": "7LuMiqeAyudf1SiAtg+L/3TGzsMJkAoNJ7g6yi2hqOg=",
    ".objects/skJz/_DWY/S_Ma/.data/ObjectRepositoryScreenData/.content": "yITBu4wRO8BKq/gycLp7cSlFcFGFytroUOfEt4lvKKc=",
    ".objects/skJz/_DWY/S_Ma/bK2-/.type": "TltUjW1h8ABoQKyhBvdGSktZ5ahUMX1bV4YbhCOQG/Y=",
    ".objects/dH9F/39qq/tsLS/zcpk/.metadata": "aSm0THdpI3NsvHFDnr94ddX0MtYcVT0IpaXHSnqxwgQ=",
    ".settings/Release/settings-9e9290da.json": "7PjBQcYPpDS7UhN/HydlT7QCRIsBYnPNtHuFFBOcfg8=",
    "project.json": "gA3YuiNJNFtfB/4+rC8frnlROZt61vJg4qeYAZiSncw=",
    ".storage/.runtime/DesignTimeTargetImagePersistenceService/812b26a4-acac-4704-85a0-0d84901d0a1e": "xT5UrV+phgUlq7RQ+2ByXct5TxhwB0qeRknFt81Ho5U=",
    ".objects/MiaA/SfTu/.type": "+GggqKGln+EckLy4CkowIpHwBNKm6rrFd/RbiZgQY7c=",
    ".project/design.json": "tpigGYm5XaG029JmRVNbleDrxKui0uJxWXFRRvAf2I4=",
    ".screenshots/5808841f8f1beccc922b5c9328cdbe73.png": "FxZropiD0/nloMF0tz8on0Axh6sficxc7l1x/gVXQa0=",
    ".screenshots/6ef66ffa34ae19193354017c59baa398.png": "eKEMmwb6+BeymOAjxEkvHmpjwvdZNiG3Zm/UvDo1Km0=",
    "Sequência.xaml": "neXkmjyohdkuhKUy2uxfxy8r7Y1Wr7eGOE6CqmbetLg=",
    ".storage/.runtime/AncestryPersistenceService/2a5fbabf-5fa9-4744-adeb-a7671d4faff8": "dbtkxZmrhiQ++jJ+k0SrehtDCuWCtDH5SdLAfzuQs8c=",
    ".objects/skJz/_DWY/S_Ma/Wy54/.metadata": "zaHZUweh7o+0e9OQgfz+HLKOU0QsR1SlLerkGqwip+Q=",
    ".storage/.runtime/DesignTimeTargetImagePersistenceService/16348003-39a3-4969-9509-9101aed07b86": "bRICfaxasvD/xKrvi2vj+IQ4VmLOpBGuGBP0vvg6MEs=",
    ".objects/dH9F/39qq/tsLS/zcpk/.type": "TltUjW1h8ABoQKyhBvdGSktZ5ahUMX1bV4YbhCOQG/Y=",
    ".objects/skJz/.type": "DQS/631ktxx0/JJcypPWgxVOjMfm5YOPrO1JjjTJmE0=",
    ".objects/skJz/_DWY/S_Ma/Wy54/.data/ObjectRepositoryTargetData/.content": "orbuA+LAkAne+as4RttU7OBrS/v9UPvGiG5BE8s9isM=",
    ".objects/skJz/.data/ObjectSelectionName/.content": "6PsJOMs84zB7DMaNgFFpsn9XFC4zxJ+OSuShvRiKf50=",
    ".screenshots/0bf792dc5f3483109e7e044c8453bd56.png": "hMk0FHqImTznJbGix0wYyJe7ce1YWtRcZCEDsOnbDLA=",
    ".objects/MiaA/SfTu/iSgg/.metadata": "aiL4SHydUMTpbN+rbVpZwO51tgdl0M7uSniZfd05Zoo=",
    ".screenshots/3a1624e8753b0f5322c5cecc61db326e.jpg": "m/HE+wQeFmCI39pDmjFKiQv6gLXedSzrZy3p6pmzoDI=",
    ".storage/.runtime/AncestryPersistenceService/bc36a8a9-e458-483d-8745-d5194f548e80": "vyS0ueQy47MAJ++5LwUFbCfhm/vN5hPDKO1hjekGdoQ=",
    ".storage/.runtime/DesignTimeTargetImagePersistenceService/cb49c067-d128-4fd5-882d-0ad6e5324919": "B9CIszd4LqzuoRXRthPCT0xWJhK3HgUqAFjn87ITCwA=",
    ".screenshots/47222c319380ca3b8f0f2f858812ee2c.png": "Xyr2/SAcEk7yOzkWwlV+ThPtIEZrH+CbVEgUtPqANfE=",
    ".settings/Debug/settings-5190454b.json": "9dTmYrtHO5uIu22mdu0GX2x5y/DCUKnNBY94nZK1SXw=",
    ".storage/.runtime/DesignTimeTargetImagePersistenceService/a3284f64-8a58-44d8-b58a-85db85fe200c": "Ne9bzKxGattEJxKo2QaTPxHCcO+rQaYzjRH4XhA9NoM=",
    ".screenshots/c196adfb71c6ddc5c98656cba4d8e02c.png": "RsPqtEY2r+EmNCQkAEwS//gb1PmEutZYpO3wenvDCJA=",
    ".storage/.runtime/DesignTimeTargetImagePersistenceService/2a5fbabf-5fa9-4744-adeb-a7671d4faff8": "Ne9bzKxGattEJxKo2QaTPxHCcO+rQaYzjRH4XhA9NoM=",
    ".objects/dH9F/39qq/tsLS/zcpk/.data/ObjectRepositoryTargetData/.images/.design/0OGAwjyQeDkK2kyQjKURsNA": "SPf2nCEnjxmScskZ1np4ENoG+4BVTbOL1Z2nFMhUxnQ=",
    ".objects/skJz/_DWY/S_Ma/BBW_/.metadata": "EpojyxpXRjQ/73h5nO8bGGcwGPgPYclQTw1UCSo/bz0=",
    ".objects/dH9F/.metadata": "LprOOqyXt9dmhipVVaPaOeQf6JTs3skee1dHFCBFG5E=",
    ".objects/skJz/_DWY/S_Ma/bK2-/.metadata": "GS8euA0JReRX+OCw2n66s0R5S2XhAq2GHd3ZEU9kq5c=",
    ".objects/MiaA/.type": "DQS/631ktxx0/JJcypPWgxVOjMfm5YOPrO1JjjTJmE0=",
    ".settings/Release/settings-590bb27b.json": "bHHKfwYCxWBK5wHYYkrI6Shqs0UriFbMFZ9gbcRgTmY=",
    "Project_Notebook.xlsx": "nieGYC458xRfY1yOCXHwXDe4xPmtMQTMVfJz88yjSak=",
    ".objects/dH9F/39qq/tsLS/.type": "blYTfiHTIiouMTX8NFgob8P7ay4sZ56a4o2yaP6YKvc=",
    ".objects/skJz/_DWY/S_Ma/LAXt/.metadata": "P33pvAsRTvXh8AgspDNF2UWQhGiA4Zfwk1l8myIRbzQ=",
    ".tmh/config.json": "Tk6QDUUsqtifkyIEMEjvqL300ZUpxaIp15qlWlZ+18w=",
    ".screenshots/16faa2e619f45dc2ae10e3a923f84f97.png": "I4yQ+quKURjyPsclinnMOSdWyzR+8WqnCDt7/HuLeXo=",
    ".objects/MiaA/.metadata": "jEKh2deZDccCbIIT+tCyLRJDhwIJ/UTioaW6GKPSjBg=",
    ".objects/skJz/_DWY/S_Ma/LAXt/.data/ObjectRepositoryTargetData/.content": "EWDv7WC0zz1ngbwfd79zDrc9r0AgBp4Z/N3CV5cHang=",
    ".settings/Debug/settings-9e9290da.json": "7PjBQcYPpDS7UhN/HydlT7QCRIsBYnPNtHuFFBOcfg8=",
    ".settings/Debug/settings-a1b2dac1.json": "ScP094N6QHDi94aEPDjZbM/h+gLiQWa4BB36InH23Gw=",
    ".storage/.runtime/DesignTimeTargetImagePersistenceService/9ae2bcaf-188d-4455-8fec-433343143714": "ZDQOKZSlXIGeIKqIiT/C3fQBDqXPSnJZvpHfzzTn8kE=",
    ".objects/skJz/_DWY/S_Ma/LAXt/.data/ObjectRepositoryTargetData/.images/.design/0xGkRJNSBl0egqMy9vT1JUA": "GKNaqM6ceCI7yMGi2pyePZ2soewYWvoq5tdYxzMRt6Q=",
    ".storage/.runtime/AncestryPersistenceService/16348003-39a3-4969-9509-9101aed07b86": "0d798BLg2aLtEbL8pLw6NOudUQdqgYBMy7nVBNSC7v8=",
    ".storage/.runtime/AncestryPersistenceService/a3284f64-8a58-44d8-b58a-85db85fe200c": "F7ztwF/lm6WVv/DNCNGwQURgi9SJjYAcypukj+vZ5/w=",
    ".objects/MiaA/SfTu/iSgg/.data/ObjectRepositoryScreenData/.images/.design/0fJOI3UpmZUqi6E7BLFTFUA": "s7DVRAxrWyC8U4d9uIwuoJTjQy2OS/LEdkchT/NZySs=",
    ".objects/skJz/_DWY/S_Ma/qtxV/.type": "TltUjW1h8ABoQKyhBvdGSktZ5ahUMX1bV4YbhCOQG/Y=",
    ".objects/dH9F/39qq/.metadata": "ZP3sXe41WdYwRa7fEAIgIrwufQLLEqNDLBABbnB7x58=",
    ".project/PackageBindingsMetadata.json": "F1DrUKqqAYiu3e8sHA7L+mcqUwj7JLlTe7hou7Zvj4s=",
    ".storage/.runtime/AncestryPersistenceService/6b52c421-13a7-40cd-a6fe-50197e7e8136": "E5R5SCyb+M3TCYYHL+RVttX2iVLVEZur+rmpDNZNpR4=",
    ".objects/skJz/_DWY/S_Ma/qtxV/.data/ObjectRepositoryTargetData/.content": "DIvlB3hkN7WXiAo+BbTzHgjY+0wS5Gk8Dp7963349jM=",
    ".screenshots/104368b2a6b42728ea806ce10b4f10d7.png": "8Igyh5rnxdjXsdi5IfJtaUj4xmh3yLZ+93dkAW/Qj8k=",
    ".settings/Debug/settings-590bb27b.json": "bHHKfwYCxWBK5wHYYkrI6Shqs0UriFbMFZ9gbcRgTmY=",
    ".objects/skJz/_DWY/.type": "+GggqKGln+EckLy4CkowIpHwBNKm6rrFd/RbiZgQY7c=",
    ".screenshots/55b305f8eebce1e1a0eae0b24c9b53d4.png": "q2CMmCKUhuK5sNTZ+1XXEshaEisYkM+29FgNJV68Brs=",
    ".screenshots/b40eb0cd181e81ff8db3fe8627258320.png": "jk3iTOY/KmQz1Rdqc7a4Nplhcb7Cs0+QhJUoDiBWXkc=",
    ".storage/.runtime/DesignTimeTargetImagePersistenceService/ae7c3b8a-0e95-404c-a908-58e9d911b643": "kzDzdd5TFNzL3Fxd1qslCowbwqzzSRHP8lFMShuK/LY=",
    ".screenshots/44385538c12c736cf5f843f4794c77e3.png": "SPf2nCEnjxmScskZ1np4ENoG+4BVTbOL1Z2nFMhUxnQ=",
    ".settings/Release/settings-afad0842.json": "o6cyP0e4lygMz+a1AdWsz/rRkRbvynZ6TlDRF8oah28=",
    ".screenshots/25b712dc8100a461f960d9e488bce482.png": "irI1Pe3wyqAddSkYmNbsj1hmzxTxV77YPs1SGihCtIM=",
    ".objects/skJz/_DWY/S_Ma/BBW_/.data/ObjectRepositoryTargetData/.images/.design/0QPC0c574TU6hbEe5O8mVYQ": "riv4HolnCyYPP9tIqkWfdeaG2dXUaOXhdSJudzZ+hio=",
    ".objects/skJz/_DWY/S_Ma/bK2-/.data/ObjectRepositoryTargetData/.content": "tKWVhEVmpsBOH97q9/tEUWiPGabF8UfPAx/hyU04jPw=",
    ".screenshots/ca61c5dd920229438124db916dcc4b8c.png": "vULKJwm7whQA1KWOCmSC7rFcR2RKRidXvtSGIyMG2N4=",
    ".settings/Design/settings-a1b2dac1.json": "MtgSwb2xTv7bPprB2AFV5gGifML6cRZBKF21t6P3DNo=",
    ".screenshots/958e2548f33707605da383ea8b2ee67b.jpg": "kqLG4npv9A+uOMGAvfWvkO1RGW6GkZT+iryhTemUpS0=",
    ".objects/.type": "3CCz1dLN34L60zKCHKXppO/c7eSic6oZPStJW9zJKCU=",
    ".settings/Release/settings-1a5b880a.json": "7LuMiqeAyudf1SiAtg+L/3TGzsMJkAoNJ7g6yi2hqOg=",
    ".objects/skJz/_DWY/S_Ma/vM6C/.type": "TltUjW1h8ABoQKyhBvdGSktZ5ahUMX1bV4YbhCOQG/Y=",
    ".storage/.runtime/AncestryPersistenceService/ae7c3b8a-0e95-404c-a908-58e9d911b643": "nrAqOSX4n5rQ04r7yJ4vwWGN80hIr7VYozzrgXkSPHk=",
    ".objects/skJz/_DWY/S_Ma/bK2-/.data/ObjectRepositoryTargetData/.images/.design/0NNl_afwMl0ii_KKtOfzRRg": "0u/w95Kb7M94FQ+UIiV13+Py6LBBNXkqdAg9b3aWOUc=",
    ".storage/.runtime/AncestryPersistenceService/2ef39139-5a79-49b5-a038-549522057755_57792c3e-f72f-4ed3-bc33-4b6b0cc7985e": "45b8c9We23OF/BAAsXvN0KXaNF092R01ZxJBPpIQBjo=",
    ".objects/skJz/_DWY/S_Ma/BBW_/.data/ObjectRepositoryTargetData/.content": "U1+hOfPrGBWp6tzJmIxarOTAUoV5SDS45cSLuIIfCbE=",
    ".screenshots/b985d8de2a986244f1c0a6b6fb8d2259.jpg": "G6Ot0B6UUuSKe7EaRkDEB5Sm1TGE6VQNF5VrNvNRBvQ=",
    ".objects/skJz/.metadata": "XbceeZtBJOxARgyUbtsbx/dlFOoC33IeHMoIVeaGkkI=",
    ".screenshots/10eda8b44b721dbf4d54b9156ee0884e.png": "s7DVRAxrWyC8U4d9uIwuoJTjQy2OS/LEdkchT/NZySs=",
    ".settings/Release/settings-51f48ab4.json": "VPjwaFjSad9rhp6dmNmaTkfAwePt3/36hhZecFMzN20=",
    ".storage/.runtime/DesignTimeTargetImagePersistenceService/4c261bda-d6ae-450a-8539-25e26d6ffa73": "Ne9bzKxGattEJxKo2QaTPxHCcO+rQaYzjRH4XhA9NoM=",
    ".screenshots/4b038ae3b457e69bdb7145c4a71513f6.png": "l8B6hMgRQbV6kREDuKqaG8DLu8nv4TfYUqTJ1kyyhKI=",
    ".storage/.runtime/AncestryPersistenceService/d39162fe-e277-45a3-a265-2fea566da855": "DN9yTQDw0lUSuli72o5QfGtYYyjvG9kty6+VpjgW2HA=",
    ".objects/skJz/_DWY/S_Ma/qtxV/.data/ObjectRepositoryTargetData/.images/.design/077DWnxXHEkivGYMp23BJUg": "l8B6hMgRQbV6kREDuKqaG8DLu8nv4TfYUqTJ1kyyhKI=",
    ".storage/.runtime/AncestryPersistenceService/f2025d7c-a79d-4f08-8e72-09469ba07bc4": "TFievhPIACjYNOIBSbkgpS8htthjaEmsHf0ZP2ZVJIU=",
    ".objects/skJz/_DWY/S_Ma/.metadata": "TR6sVA3jCgyttjpRfvarHJ1XqepS+ZJLujMzL1SrigE=",
    "RuntimeExecutionError.html": "NwgUIWSmLQ727GbE6cv22wTd6WB2dh/iuDcqJ2h46yM=",
    ".objects/skJz/_DWY/S_Ma/qtxV/.metadata": "5nl25q4jHfjk9bS48UwjzubGuQ6TWzzIM2Wlroc1dT0=",
    ".storage/.runtime/DesignTimeTargetImagePersistenceService/14c7d8c3-b7cf-414e-80be-571a120a989e": "kQ2H54U4750qMfrtNSVtAIeBTfJ4igFhqx3DDIXxfLQ=",
    ".storage/.runtime/AncestryPersistenceService/cb49c067-d128-4fd5-882d-0ad6e5324919_7c29a165-1092-4b37-9cff-9e2a6c9717a4": "G/VDyu9oNB3y9QQf6IY/CPpxFC9ZVm1jAxolDnZP1tg=",
    ".storage/.runtime/DesignTimeTargetImagePersistenceService/cdbf9750-02a7-41ad-9128-306e3a047a6e": "dSffGkYmCrQw/xQDIK9XANg235zUDIzK9Qp8cQYmmoQ=",
    ".objects/dH9F/39qq/.type": "+GggqKGln+EckLy4CkowIpHwBNKm6rrFd/RbiZgQY7c=",
    ".settings/Release/settings-5190454b.json": "9dTmYrtHO5uIu22mdu0GX2x5y/DCUKnNBY94nZK1SXw=",
    ".storage/.runtime/DesignTimeTargetImagePersistenceService/6b52c421-13a7-40cd-a6fe-50197e7e8136": "kzDzdd5TFNzL3Fxd1qslCowbwqzzSRHP8lFMShuK/LY=",
    ".screenshots/dca023dea2e09700403d4ae6768ab50a.png": "tyRQwJvGOvY657lCDVeDrq4ZqBIIAyE4ETJMWFK2vbk=",
    ".objects/MiaA/SfTu/iSgg/.data/ObjectRepositoryScreenData/.content": "J2/0SpV7th0XRkc/B8rOj/sM/ADCLwYK2p5IqBJ6GUY=",
    ".objects/MiaA/SfTu/iSgg/.type": "blYTfiHTIiouMTX8NFgob8P7ay4sZ56a4o2yaP6YKvc=",
    ".objects/skJz/_DWY/S_Ma/Wy54/.type": "TltUjW1h8ABoQKyhBvdGSktZ5ahUMX1bV4YbhCOQG/Y=",
    ".objects/dH9F/39qq/tsLS/.metadata": "7Cr8qekTrwiibxjYrmOv8nwZYWsJM8SEEG8fHz4X9xI=",
    ".storage/.runtime/DesignTimeTargetImagePersistenceService/f2025d7c-a79d-4f08-8e72-09469ba07bc4": "Ne9bzKxGattEJxKo2QaTPxHCcO+rQaYzjRH4XhA9NoM=",
    ".screenshots/dd8718e7b9e40c76aa09bcdcc1f213b0.png": "LTdP0RhbSTuGxpcM/yMM2bFdxIcmnXX9mZuIZmE2k5c=",
    ".objects/skJz/_DWY/S_Ma/.data/ObjectRepositoryScreenData/.images/.design/0-8-h23XsUEaMslwRKTAWyA": "m/HE+wQeFmCI39pDmjFKiQv6gLXedSzrZy3p6pmzoDI=",
    ".objects/skJz/_DWY/S_Ma/BBW_/.type": "TltUjW1h8ABoQKyhBvdGSktZ5ahUMX1bV4YbhCOQG/Y=",
    ".settings/Release/settings-a1b2dac1.json": "ScP094N6QHDi94aEPDjZbM/h+gLiQWa4BB36InH23Gw=",
    ".screenshots/e759970a1c03ea8ef674483044f99bbf.png": "E04EU1QogCVQNcfzW728Af6737vidbgdjwXK6CrDU5k=",
    ".storage/.runtime/DesignTimeTargetImagePersistenceService/d39162fe-e277-45a3-a265-2fea566da855": "blk2meNSPUBbWc2vmQHayBiuwQhBgBtvQ8sIMgvRYo4=",
    ".objects/skJz/_DWY/S_Ma/Utop/.type": "TltUjW1h8ABoQKyhBvdGSktZ5ahUMX1bV4YbhCOQG/Y=",
    ".screenshots/386886be22d43bae8cdc3e6c88f50704.png": "GKNaqM6ceCI7yMGi2pyePZ2soewYWvoq5tdYxzMRt6Q=",
    ".screenshots/a6f0666cfff274f253b3712110a71082.png": "KQhOfL1te3LsxMvSTromY68kqztdcMnpFVZzHzc/gSk=",
    ".screenshots/31f5c42680562fbe9739954b549184cc.png": "HJsgTyJ040mTIs0oShHQ4kxcWRFQ8hByNx4+sAoJtj8=",
    ".objects/MiaA/SfTu/.metadata": "Zd7GAQc6I373ghLZ1VoQaBQpc6F9UA9+UoxxMGh/83w=",
    ".screenshots/e9d3602800e7121ac7fbceeb40ae2703.png": "0u/w95Kb7M94FQ+UIiV13+Py6LBBNXkqdAg9b3aWOUc=",
    ".objects/.metadata": "Cun/GGV1lTJ1WIxpsyrQXcS+sHXcq0rBsPMcSqh8v9A=",
    ".storage/.runtime/DesignTimeTargetImagePersistenceService/2ef39139-5a79-49b5-a038-549522057755": "ymjTX/92OjcKsuE08AfUe3nTQ14ZsVY6i09dCGOV/48=",
    "RuntimeExecutionError_Template.html": "i5phNNqPQSNUT64ZY7RxO35J3W1Ky98PIJyDh+kf3C4=",
    ".objects/dH9F/39qq/tsLS/.data/ObjectRepositoryScreenData/.content": "5TNKqLi2lq1B/EF1oUHH6biHmp9cPM4MNjzYH2OvyPg=",
    ".objects/dH9F/.data/ObjectSelectionName/.content": "6PsJOMs84zB7DMaNgFFpsn9XFC4zxJ+OSuShvRiKf50=",
    ".objects/skJz/_DWY/S_Ma/Wy54/.data/ObjectRepositoryTargetData/.images/.design/0OYO2e6y81UWcL0BzlBrPYQ": "E04EU1QogCVQNcfzW728Af6737vidbgdjwXK6CrDU5k=",
    ".storage/.runtime/AncestryPersistenceService/9ae2bcaf-188d-4455-8fec-433343143714": "ftEuc7qumTqO6NHlRxGEzqPFkp8JPSJuKZK7RJHnFvY=",
    ".objects/skJz/_DWY/S_Ma/LAXt/.type": "TltUjW1h8ABoQKyhBvdGSktZ5ahUMX1bV4YbhCOQG/Y=",
    ".storage/.runtime/AncestryPersistenceService/812b26a4-acac-4704-85a0-0d84901d0a1e": "aGAskLDJZKBTk9qx61BGu2OGt5LWLqNt41xVESg1rek=",
    ".settings/Debug/settings-51f48ab4.json": "VPjwaFjSad9rhp6dmNmaTkfAwePt3/36hhZecFMzN20=",
    ".settings/Design/settings-afad0842.json": "jjBbv/WXwDPEhGnbSVQxlI3fuMaxR42abIF+4Qju1ok=",
    ".settings/Debug/settings-afad0842.json": "o6cyP0e4lygMz+a1AdWsz/rRkRbvynZ6TlDRF8oah28=",
    "LAYOUT_DADOS_ABERTOS_CNPJ.pdf": "HNC/mICgJQcb3F5PQ7LARrCP2OhAteWYCrXWhkEQ268="
  },
  "StudioWebFiles": [
    "GlobalHandlerX.xaml",
    "LAYOUT_DADOS_ABERTOS_CNPJ.pdf",
    "Main.xaml",
    "project.json",
    "Project_Notebook.xlsx",
    "RuntimeExecutionError.html",
    "RuntimeExecutionError_Template.html",
    "Sequência.xaml",
    ".objects/.metadata",
    ".objects/.type",
    ".objects/dH9F/.metadata",
    ".objects/dH9F/.type",
    ".objects/dH9F/.data/ObjectSelectionName/.content",
    ".objects/dH9F/39qq/.metadata",
    ".objects/dH9F/39qq/.type",
    ".objects/dH9F/39qq/tsLS/.metadata",
    ".objects/dH9F/39qq/tsLS/.type",
    ".objects/dH9F/39qq/tsLS/.data/ObjectRepositoryScreenData/.content",
    ".objects/dH9F/39qq/tsLS/.data/ObjectRepositoryScreenData/.images/.design/02i0U49R8aEGRpEuaH_IAMA",
    ".objects/dH9F/39qq/tsLS/zcpk/.metadata",
    ".objects/dH9F/39qq/tsLS/zcpk/.type",
    ".objects/dH9F/39qq/tsLS/zcpk/.data/ObjectRepositoryTargetData/.content",
    ".objects/dH9F/39qq/tsLS/zcpk/.data/ObjectRepositoryTargetData/.images/.design/0OGAwjyQeDkK2kyQjKURsNA",
    ".objects/MiaA/.metadata",
    ".objects/MiaA/.type",
    ".objects/MiaA/.data/ObjectSelectionName/.content",
    ".objects/MiaA/SfTu/.metadata",
    ".objects/MiaA/SfTu/.type",
    ".objects/MiaA/SfTu/iSgg/.metadata",
    ".objects/MiaA/SfTu/iSgg/.type",
    ".objects/MiaA/SfTu/iSgg/.data/ObjectRepositoryScreenData/.content",
    ".objects/MiaA/SfTu/iSgg/.data/ObjectRepositoryScreenData/.images/.design/0fJOI3UpmZUqi6E7BLFTFUA",
    ".objects/skJz/.metadata",
    ".objects/skJz/.type",
    ".objects/skJz/.data/ObjectSelectionName/.content",
    ".objects/skJz/_DWY/.metadata",
    ".objects/skJz/_DWY/.type",
    ".objects/skJz/_DWY/S_Ma/.metadata",
    ".objects/skJz/_DWY/S_Ma/.type",
    ".objects/skJz/_DWY/S_Ma/.data/ObjectRepositoryScreenData/.content",
    ".objects/skJz/_DWY/S_Ma/.data/ObjectRepositoryScreenData/.images/.design/0-8-h23XsUEaMslwRKTAWyA",
    ".objects/skJz/_DWY/S_Ma/BBW_/.metadata",
    ".objects/skJz/_DWY/S_Ma/BBW_/.type",
    ".objects/skJz/_DWY/S_Ma/BBW_/.data/ObjectRepositoryTargetData/.content",
    ".objects/skJz/_DWY/S_Ma/BBW_/.data/ObjectRepositoryTargetData/.images/.design/0QPC0c574TU6hbEe5O8mVYQ",
    ".objects/skJz/_DWY/S_Ma/bK2-/.metadata",
    ".objects/skJz/_DWY/S_Ma/bK2-/.type",
    ".objects/skJz/_DWY/S_Ma/bK2-/.data/ObjectRepositoryTargetData/.content",
    ".objects/skJz/_DWY/S_Ma/bK2-/.data/ObjectRepositoryTargetData/.images/.design/0NNl_afwMl0ii_KKtOfzRRg",
    ".objects/skJz/_DWY/S_Ma/LAXt/.metadata",
    ".objects/skJz/_DWY/S_Ma/LAXt/.type",
    ".objects/skJz/_DWY/S_Ma/LAXt/.data/ObjectRepositoryTargetData/.content",
    ".objects/skJz/_DWY/S_Ma/LAXt/.data/ObjectRepositoryTargetData/.images/.design/0xGkRJNSBl0egqMy9vT1JUA",
    ".objects/skJz/_DWY/S_Ma/qtxV/.metadata",
    ".objects/skJz/_DWY/S_Ma/qtxV/.type",
    ".objects/skJz/_DWY/S_Ma/qtxV/.data/ObjectRepositoryTargetData/.content",
    ".objects/skJz/_DWY/S_Ma/qtxV/.data/ObjectRepositoryTargetData/.images/.design/077DWnxXHEkivGYMp23BJUg",
    ".objects/skJz/_DWY/S_Ma/Utop/.metadata",
    ".objects/skJz/_DWY/S_Ma/Utop/.type",
    ".objects/skJz/_DWY/S_Ma/Utop/.data/ObjectRepositoryTargetData/.content",
    ".objects/skJz/_DWY/S_Ma/Utop/.data/ObjectRepositoryTargetData/.images/.design/03uSwm5vvK0CD5jTSuFn3oQ",
    ".objects/skJz/_DWY/S_Ma/vM6C/.metadata",
    ".objects/skJz/_DWY/S_Ma/vM6C/.type",
    ".objects/skJz/_DWY/S_Ma/vM6C/.data/ObjectRepositoryTargetData/.content",
    ".objects/skJz/_DWY/S_Ma/vM6C/.data/ObjectRepositoryTargetData/.images/.design/0iKW-9wDip0eD__T-NMxP9g",
    ".objects/skJz/_DWY/S_Ma/Wy54/.metadata",
    ".objects/skJz/_DWY/S_Ma/Wy54/.type",
    ".objects/skJz/_DWY/S_Ma/Wy54/.data/ObjectRepositoryTargetData/.content",
    ".objects/skJz/_DWY/S_Ma/Wy54/.data/ObjectRepositoryTargetData/.images/.design/0OYO2e6y81UWcL0BzlBrPYQ",
    ".project/design.json",
    ".project/PackageBindingsMetadata.json",
    ".screenshots/0bf792dc5f3483109e7e044c8453bd56.png",
    ".screenshots/104368b2a6b42728ea806ce10b4f10d7.png",
    ".screenshots/10eda8b44b721dbf4d54b9156ee0884e.png",
    ".screenshots/16faa2e619f45dc2ae10e3a923f84f97.png",
    ".screenshots/25b712dc8100a461f960d9e488bce482.png",
    ".screenshots/2f44c42b90bf9f620ae9211b8324bd33.png",
    ".screenshots/31f5c42680562fbe9739954b549184cc.png",
    ".screenshots/386886be22d43bae8cdc3e6c88f50704.png",
    ".screenshots/3a1624e8753b0f5322c5cecc61db326e.jpg",
    ".screenshots/44385538c12c736cf5f843f4794c77e3.png",
    ".screenshots/47222c319380ca3b8f0f2f858812ee2c.png",
    ".screenshots/4b038ae3b457e69bdb7145c4a71513f6.png",
    ".screenshots/55b305f8eebce1e1a0eae0b24c9b53d4.png",
    ".screenshots/5808841f8f1beccc922b5c9328cdbe73.png",
    ".screenshots/6ef66ffa34ae19193354017c59baa398.png",
    ".screenshots/8abb6d3c908c232010ff428e57fbab45.png",
    ".screenshots/958e2548f33707605da383ea8b2ee67b.jpg",
    ".screenshots/a6f0666cfff274f253b3712110a71082.png",
    ".screenshots/b40eb0cd181e81ff8db3fe8627258320.png",
    ".screenshots/b985d8de2a986244f1c0a6b6fb8d2259.jpg",
    ".screenshots/c196adfb71c6ddc5c98656cba4d8e02c.png",
    ".screenshots/ca61c5dd920229438124db916dcc4b8c.png",
    ".screenshots/d1bf6da6a270bba225e162d11de11445.png",
    ".screenshots/dca023dea2e09700403d4ae6768ab50a.png",
    ".screenshots/dd8718e7b9e40c76aa09bcdcc1f213b0.png",
    ".screenshots/e759970a1c03ea8ef674483044f99bbf.png",
    ".screenshots/e9d3602800e7121ac7fbceeb40ae2703.png",
    ".settings/Debug/settings-1a5b880a.json",
    ".settings/Debug/settings-5190454b.json",
    ".settings/Debug/settings-51f48ab4.json",
    ".settings/Debug/settings-590bb27b.json",
    ".settings/Debug/settings-9e9290da.json",
    ".settings/Debug/settings-a1b2dac1.json",
    ".settings/Debug/settings-afad0842.json",
    ".settings/Design/settings-5190454b.json",
    ".settings/Design/settings-a1b2dac1.json",
    ".settings/Design/settings-afad0842.json",
    ".settings/Release/settings-1a5b880a.json",
    ".settings/Release/settings-5190454b.json",
    ".settings/Release/settings-51f48ab4.json",
    ".settings/Release/settings-590bb27b.json",
    ".settings/Release/settings-9e9290da.json",
    ".settings/Release/settings-a1b2dac1.json",
    ".settings/Release/settings-afad0842.json",
    ".storage/.runtime/AncestryPersistenceService/14c7d8c3-b7cf-414e-80be-571a120a989e",
    ".storage/.runtime/AncestryPersistenceService/16348003-39a3-4969-9509-9101aed07b86",
    ".storage/.runtime/AncestryPersistenceService/2a5fbabf-5fa9-4744-adeb-a7671d4faff8",
    ".storage/.runtime/AncestryPersistenceService/2ef39139-5a79-49b5-a038-549522057755_57792c3e-f72f-4ed3-bc33-4b6b0cc7985e",
    ".storage/.runtime/AncestryPersistenceService/4c261bda-d6ae-450a-8539-25e26d6ffa73",
    ".storage/.runtime/AncestryPersistenceService/6b52c421-13a7-40cd-a6fe-50197e7e8136",
    ".storage/.runtime/AncestryPersistenceService/812b26a4-acac-4704-85a0-0d84901d0a1e",
    ".storage/.runtime/AncestryPersistenceService/9ae2bcaf-188d-4455-8fec-433343143714",
    ".storage/.runtime/AncestryPersistenceService/a3284f64-8a58-44d8-b58a-85db85fe200c",
    ".storage/.runtime/AncestryPersistenceService/ae7c3b8a-0e95-404c-a908-58e9d911b643",
    ".storage/.runtime/AncestryPersistenceService/bc36a8a9-e458-483d-8745-d5194f548e80",
    ".storage/.runtime/AncestryPersistenceService/cb49c067-d128-4fd5-882d-0ad6e5324919_7c29a165-1092-4b37-9cff-9e2a6c9717a4",
    ".storage/.runtime/AncestryPersistenceService/cdbf9750-02a7-41ad-9128-306e3a047a6e",
    ".storage/.runtime/AncestryPersistenceService/d39162fe-e277-45a3-a265-2fea566da855",
    ".storage/.runtime/AncestryPersistenceService/f2025d7c-a79d-4f08-8e72-09469ba07bc4",
    ".storage/.runtime/DesignTimeTargetImagePersistenceService/14c7d8c3-b7cf-414e-80be-571a120a989e",
    ".storage/.runtime/DesignTimeTargetImagePersistenceService/16348003-39a3-4969-9509-9101aed07b86",
    ".storage/.runtime/DesignTimeTargetImagePersistenceService/2a5fbabf-5fa9-4744-adeb-a7671d4faff8",
    ".storage/.runtime/DesignTimeTargetImagePersistenceService/2ef39139-5a79-49b5-a038-549522057755",
    ".storage/.runtime/DesignTimeTargetImagePersistenceService/4c261bda-d6ae-450a-8539-25e26d6ffa73",
    ".storage/.runtime/DesignTimeTargetImagePersistenceService/6b52c421-13a7-40cd-a6fe-50197e7e8136",
    ".storage/.runtime/DesignTimeTargetImagePersistenceService/812b26a4-acac-4704-85a0-0d84901d0a1e",
    ".storage/.runtime/DesignTimeTargetImagePersistenceService/9ae2bcaf-188d-4455-8fec-433343143714",
    ".storage/.runtime/DesignTimeTargetImagePersistenceService/a3284f64-8a58-44d8-b58a-85db85fe200c",
    ".storage/.runtime/DesignTimeTargetImagePersistenceService/ae7c3b8a-0e95-404c-a908-58e9d911b643",
    ".storage/.runtime/DesignTimeTargetImagePersistenceService/bc36a8a9-e458-483d-8745-d5194f548e80",
    ".storage/.runtime/DesignTimeTargetImagePersistenceService/cb49c067-d128-4fd5-882d-0ad6e5324919",
    ".storage/.runtime/DesignTimeTargetImagePersistenceService/cdbf9750-02a7-41ad-9128-306e3a047a6e",
    ".storage/.runtime/DesignTimeTargetImagePersistenceService/d39162fe-e277-45a3-a265-2fea566da855",
    ".storage/.runtime/DesignTimeTargetImagePersistenceService/f2025d7c-a79d-4f08-8e72-09469ba07bc4",
    ".tmh/config.json"
  ],
  "LocalProjectPath": "C:\\Users\\lucas\\OneDrive\\Documentos\\UiPath\\Dados CNPJ",
  "ProjectId": "2d4515a5-8109-4622-b27a-7d675b6e2d7b",
  "ProjectName": "Dados CNPJ 1"
}